ID,prediction
871,0.7217525371859782
11482,0.43708574365047115
13605,0.4818249041173924
387,0.46462239181953613
3591,0.011256125795303329
8100,0.13254561933106068
9779,0.1885862840717233
9113,0.0792042390051364
9788,0.6834105790294389
13248,0.4540976466871952
9981,0.10839488785502227
7611,0.4074815191193847
2937,0.6487229106495844
6579,0.8737827962466587
13948,0.013648184101200611
14308,0.34032126495412174
7061,0.3733542062301478
7135,0.3182921450252221
10048,0.5025048112189215
4299,0.5792691508482674
7337,0.7480006580285951
8504,0.6484817238777948
9256,0.7396508324197753
13574,0.3645486837509082
10555,0.4248608126790048
162,0.6967123250494778
7951,0.8297675252670048
1433,0.8521642635770196
13157,0.4726765448091813
13272,0.5209462917105466
8576,0.8445954163364506
6715,0.15513822197056526
3132,0.88730117707467
14973,0.5980958295560158
4275,0.8731970814138553
1494,0.9688751723887968
1620,0.5910150683551262
7068,0.1259331620034616
10142,0.13350541741645516
10440,0.9200853445341437
8571,0.961096613357885
6409,0.44864372828455745
617,0.7994391437001915
3197,0.10071885956234472
14611,0.04757034470241084
5116,0.1382715043615994
12754,0.8704521118161173
8778,0.5918870486322552
13769,0.21844068944379336
1819,0.4072283254696325
3745,0.9516542421141038
6227,0.3285149827702549
14675,0.7494242057344633
3966,0.4375867151238708
13201,0.2533251596709557
7566,0.5005042265441431
2587,0.9206741992450159
3031,0.34997153879540377
1636,0.032514465091379785
13310,0.7674190539000214
11840,0.346262010630474
422,0.4635262988919955
431,0.48276277434365644
13552,0.9435123943884072
12827,0.16335966907505817
3185,0.831132686679102
14167,0.4654930287393034
10579,0.8156923283040837
7432,0.1950367727039325
13312,0.4329948537685746
292,0.0093594774352731
11868,0.15836307914171543
10820,0.5472342818467472
2121,0.2873507178761041
8428,0.6151935079461096
13347,0.7650414367911699
14672,0.8475476877126618
10666,0.9303010722463358
5036,0.6397431102280523
8661,0.5848917742846188
7729,0.3628068014537795
2758,0.8119823288653866
305,0.6881554189264262
3940,0.584471020891973
12996,0.48473749908004726
8727,0.6022001985192884
9208,0.050863415294998604
4996,0.646852326584703
2582,0.38958647807016544
3354,0.06046554502816526
44,0.5337975680917427
5884,0.35156013318919865
1788,0.5722793967636779
14649,0.3284855840448071
9541,0.41607956269579716
4151,0.39395310666971095
374,0.11921858172318645
12812,0.6407210237186851
13823,0.579094307939465
9194,0.7550836751404096
8936,0.2587707168282889
170,0.7461582959016686
14252,0.3587207077959069
4683,0.07793609516527089
12264,0.1626201285822284
12215,0.10796120577393564
12561,0.23328538031090718
13739,0.9759993631944813
14133,0.4737195100871818
8452,0.16967920438784834
2315,0.6142623597425118
10971,0.08408655580016755
1891,0.8892793357576211
3467,0.6580456275994955
11753,0.536124661625959
14660,0.9442913922564123
14328,0.3408003437788276
9782,0.69680824695419
4801,0.3633175006543349
3480,0.2403028654896885
9273,0.25477157054735444
11579,0.57624265566098
4178,0.7680259831029604
7579,0.9125683942037547
3904,0.5281357773806569
5016,0.7854153950489287
11083,0.9652369332861241
13740,0.09859294450374989
2074,0.005908610542759263
11088,0.16799542500648978
5920,0.049910058347582775
7503,0.9496643029835435
1801,0.9658589288568588
359,0.24152419033411587
10370,0.5208752222902749
9676,0.41960582770994737
14709,0.6479992682208885
7985,0.41714057776172464
11299,0.4643064235826039
10303,0.6536528997101448
584,0.04575777658307456
14390,0.3717453331469217
2053,0.7749269769115414
5550,0.046965183505913055
2153,0.4334550836512262
5663,0.028331274794080374
12336,0.718501683729293
1943,0.04090035112397861
9934,0.9192317737483466
7858,0.6634463150526053
3784,0.6812732677199994
810,0.8821517393200089
423,0.319320088304632
13517,0.9459686303844163
3000,0.8867074154078525
9224,0.47540642034093694
459,0.02388725644785783
10252,0.5328673069119976
14497,0.12224587787250107
11973,0.3754247799068616
6219,0.6276054690303255
3950,0.42368729867732235
4575,0.8782491971549372
2167,0.3099588427443828
1876,0.20775139696457956
11237,0.6168416920286497
8352,0.4465828805567671
8476,0.2821095403652115
1781,0.7879135368966901
11412,0.16896821039819654
8859,0.18795439624250443
11177,0.9397645252144
2044,0.6209156779997912
148,0.1192377051328154
9952,0.07247903118495502
1538,0.9938704565434413
11858,0.56754034115416
2967,0.9011576477101909
8106,0.5199627746812148
12206,0.7527923027755411
5189,0.4269014413632549
6757,0.9417314540810242
12481,0.5456154462866263
1909,0.6067148810107779
13249,0.08405455728301225
8387,0.051781985417612475
4977,0.6362488773005666
224,0.40676092228636196
8973,0.08458366707159992
14941,0.9298658096160066
6636,0.5130289175712667
8636,0.325651622639774
11260,0.4635526517907349
6282,0.45876075318686915
2923,0.8319766543318723
12611,0.8623592970002245
8212,0.7302953856534886
10035,0.9948975246500444
3093,0.2348879016912151
10148,0.03982053113616535
14430,0.20433617279465865
3992,0.8493305128047014
8798,0.5471240554962394
11081,0.8810154559232903
5702,0.8514996433951796
8848,0.9296110353121227
958,0.07238615319277775
12089,0.6737378637965507
3383,0.633759525937908
5795,0.7370039872179428
1833,0.6247927263488212
10220,0.8022054883220442
2924,0.13683884701425786
2037,0.026671710327648257
1319,0.899577670394335
6327,0.8625132749088436
4155,0.3138614000415214
6048,0.3092809565817728
14765,0.006864968905428648
9409,0.8270811184806156
14644,0.5704963884526628
11604,0.9587134527452834
12960,0.7562936446382867
717,0.7468460462602793
9751,0.5998049402469589
1218,0.3836365646772627
8078,0.3441121825238408
12094,0.7247619566592004
14583,0.04369810693317555
11289,0.08832177515969653
11196,0.1285050443085345
7588,0.129735090407456
147,0.7442577266467134
1397,0.5120034975978124
7969,0.08328728826011722
8197,0.957564847753497
1580,0.7553652040728742
976,0.2266092417689879
5815,0.26217749378919575
1390,0.9999786850956188
9366,0.8729229791960645
1991,0.3823932694932266
1635,0.3069738406195692
13051,0.8823245111362745
16,0.03018432269359439
11904,0.9326164036829296
3558,0.2930340106706859
6008,0.39466856152167384
124,0.8627169960321465
7646,0.07536937231379659
7006,0.4478793936513654
2004,0.15704969959871262
3509,0.10440060912805871
14940,0.4105885270077301
2349,0.30442127674844743
14392,0.5583142375939385
12850,0.5884904901720178
3543,0.8005333592977694
972,0.8968460736027338
14702,0.18510814012216137
5293,0.3965496839481528
12605,0.3020819860199657
8132,0.2125618350584133
870,0.33690615390879974
2574,0.5816033756668454
4746,0.7183623560164687
14038,0.7823368775460078
11314,0.21222957969452205
4569,0.5520361200281289
14270,0.5632951058193573
13500,0.7313348756622309
11317,0.4652238506931935
13079,0.12949347822530355
4671,0.4872128485567363
1913,0.2430887230536024
12565,0.3561345116225142
1182,0.4600220008369521
10830,0.6196978689275361
12946,0.7508283473323657
12472,0.7740955191055167
4783,0.9863527940853436
3339,0.5321901056298187
6649,0.2897975051382119
1086,0.45551535541773003
9355,0.4130259790088334
1960,0.623520507666009
5262,0.27892838520626495
7082,0.7366505508389641
6734,0.3052304205269947
1887,0.17583848490552045
2206,0.7167648999441762
3756,0.13532759379761106
2299,0.890062360518824
5896,0.7763105451247176
5190,0.027658785853982848
6981,0.10794024326297502
3448,0.07477836846305852
3278,0.8448549360385773
3014,0.4300434584116474
2197,0.8447197400785912
10388,0.510697147519215
6365,0.3005379315664052
6707,0.8797286343095881
2374,0.7070149469035593
11828,0.6702985135999698
8919,0.9443513386201317
7978,0.6594552932524703
2567,0.20965911953061234
13555,0.5760550111605836
1235,0.754256013398626
4528,0.036154954011734186
5452,0.6516524062456012
3954,0.803307734645853
2712,0.04446513709885591
14726,0.5942855802260626
183,0.3393135701377751
6215,0.14412923416439805
14760,0.03063390769849572
12309,0.6817587498399277
10946,0.5906012238732957
4519,0.5260495466291706
2835,0.5742915118814722
3677,0.872252015575858
495,0.9635079041671293
14784,0.9371111433969425
2780,0.4912840883840568
3421,0.07731198466333922
10975,0.556364673944338
11242,0.7705731601841469
5860,0.7885111004623475
12699,0.3443450485827374
13175,0.7106157054404186
6076,0.9103650273275266
883,0.1696317841193612
4399,0.9328122037140751
6781,0.5932528151722103
10135,0.6287512688069189
5595,0.2009100362637125
5399,0.3327471561825821
14573,0.27212596456411753
4355,0.31701460264026127
8994,0.7209287322484387
2999,0.7562857653600795
660,0.58882891957741
6150,0.5149815875551187
11359,0.11322641397543942
14061,0.3006466963418539
1032,0.69298865624157
12219,0.053479057301389465
8649,0.322949478242364
5202,0.7959599217426147
14138,0.5686556849802603
10910,0.9060378970831978
10685,0.10989208742762846
8694,0.8703042231337439
1358,0.3353018867212537
13505,0.13264916049023523
11529,0.40620935335220865
12545,0.1487592295774749
8274,0.989845774348141
9135,0.4718304392843403
1719,0.0009568785957422277
7428,0.6954908407232374
4352,0.6571750484457825
6097,0.6404793132163318
11775,0.015816081964288964
10111,0.2962098879206988
4248,0.39429805073897006
6625,0.7736021831402096
5524,0.11087941883884012
2017,0.2827671248359108
3865,0.9299257615068731
11368,0.5692873005424723
12167,0.8997336886437837
2060,0.3836661663892452
6416,0.7479126411113398
2261,0.6346130366351268
14508,0.4944392036255014
2230,0.02710013652019716
1810,0.4774565330841092
974,0.2886460010822227
13267,0.09640915064447264
13181,0.8503965301648865
11772,0.7765702429647081
14044,0.5512303939504751
5512,0.5960992035066514
3046,0.736058109617311
10702,0.2843230646985144
13055,0.7198119264510044
13338,0.4298866717945229
1921,0.3496564487081615
5569,0.1783227249906647
5953,0.3737911537645815
9335,0.1254376560167314
6147,0.13089612446880394
10763,0.08937664362645503
10547,0.5533891835843039
8550,0.9058722087003375
5559,0.7686394772635133
14556,0.2655731348495288
4998,0.9315437183762831
9044,0.7725958728930846
8720,0.8016953525078709
6866,0.15137424048251014
5392,0.1445676335537298
9371,0.2910445582182599
8115,0.4342045762391391
8999,0.9289516618167611
14615,0.8704205588795709
2540,0.047063894717765176
10483,0.5104873171451731
6069,0.9482272252719487
340,0.09311730707678345
719,0.2684941703503746
4439,0.9652907669845822
115,0.947936134361359
3986,0.8722455164399135
8012,0.10052110095006794
6217,0.4931568642992563
9584,0.28862459632784154
4428,0.9244484864978874
9641,0.6534100048022415
2469,0.1486319517706569
713,0.34929065568998874
9731,0.628030228070672
10578,0.5149783268682007
6257,0.4785111070097391
11478,0.558204256953428
922,0.7207381095594749
2079,0.5731304623326533
3465,0.23606501554760773
12569,0.3041375651767606
13022,0.14715104896078057
10143,0.02421066644543135
13273,0.8303919417118921
8677,0.15689598917711667
3741,0.34808425610045113
7958,0.5863063251253997
1092,0.5549924018789343
13895,0.6760063194847167
2295,0.39783648034922303
5717,0.8266663911020955
2288,0.3687143869872228
10857,0.11731549894928117
6484,0.20682953757299294
654,0.27958078768892725
6470,0.6223276849505139
6810,0.7264376313771966
5877,0.4234350128396164
12978,0.5740598287467805
8298,0.9372299133141069
12280,0.7119163805893288
5330,0.2333158954750547
8133,0.4363870411867765
13535,0.7708113239838095
8645,0.9732716380104515
14114,0.14680703687735142
3041,0.1447472686581065
14290,0.15917952185921835
13544,0.3077615811068142
4403,0.6581943411064806
6348,0.6738756973541818
11253,0.099843521105341
13917,0.476826777293632
9133,0.9131969192296594
4706,0.6844002123353986
13952,0.3399220153874253
590,0.3071032671289027
627,0.19626510640146255
2837,0.31465742503593364
7373,0.8790257586215888
9072,0.5927277708772672
3536,0.14559211192319443
6522,0.4296495598560732
3395,0.5793644255012792
5568,0.33040448797790656
4401,0.8053213222896826
10433,0.5262014467203382
4047,0.08245766986230618
13625,0.08424634170060685
2028,0.5751339792066439
5122,0.744304464985755
3931,0.2322458756382748
5095,0.45627289982679275
1827,0.2590809067264893
3513,0.2690732505498259
3146,0.08501804018319958
6243,0.49306595924113394
5200,0.294939834294876
13128,0.379589131663139
7077,0.737473309648573
8780,0.6931366834827822
5574,0.4004764338818676
7070,0.11445167831753933
5035,0.5328309184529336
14532,0.6542585895746388
2769,0.46689896330525804
2116,0.2985610866713859
8325,0.6291079786229918
5648,0.4161272755281319
2525,0.18061734536292717
10900,0.23169400939054552
9686,0.706090180961081
13879,0.5545145540109988
14165,0.31693552237521094
10809,0.7755854292002246
406,0.6273655441624629
4452,0.7228341712094034
11265,0.16094648641071296
9884,0.2603451529385872
7047,0.31512147419569814
3058,0.9345856796351906
3476,0.07818803090460846
442,0.20897415570448896
6218,0.42847740903870524
7580,0.049410890974565636
2697,0.7509286878652974
4073,0.7699601340603255
14942,0.030749223568043438
13689,0.5015475289336553
14458,0.27275102532496165
2080,0.12517169664915062
2448,0.13076918816109706
7074,0.4627559128296581
4961,0.8071389799834041
12091,0.04215018179961727
10356,0.7095191726220085
5103,0.0065209896012038415
6267,0.8633743487241111
7143,0.10883381754716848
11789,0.9839800107518016
9228,0.27597129203193616
12029,0.3506194789843087
10066,0.3680764536134207
13593,0.5417233542082951
5234,0.34211414599775314
8445,0.018864962800823837
9233,0.6722622341977217
6664,0.7356317041568624
8207,0.7011270830702703
1537,0.7584084436557038
9653,0.20286028954417845
9029,0.5135133688105437
5880,0.6412430144645924
240,0.46668300768237536
6782,0.5249833753013894
8958,0.759955969059168
11178,0.027672022358717352
1232,0.19596517546223913
4689,0.7521743966413809
12218,0.9078411944208057
13726,0.528661016684481
2055,0.5901491154309385
12060,0.9333158596357674
7546,0.6465019421213503
12191,0.9087829902468338
967,0.9797891241745476
1311,0.051233246927143594
14988,0.09379281704697728
4193,0.47883488519133766
10206,0.1936930633575472
13987,0.8072842759680219
12954,0.4084137998541566
10205,0.6978549762386661
9515,0.23586700180885678
14682,0.9894703838152711
7972,0.521911258966776
5378,0.41928789490305474
129,0.7659460543419829
7709,0.6531052257977663
8742,0.127783769873131
11822,0.5109488466222261
10248,0.4887012525943645
6931,0.7468016226506057
3131,0.9559922067839436
5580,0.5480050902062297
8950,0.4886236101868091
10970,0.19481822646789482
13627,0.036746186449780005
5119,0.2058698139715025
4872,0.26812511694808516
4932,0.3038006838366175
10247,0.3430111972723787
6122,0.040451965289094005
9848,0.2565500086956479
7117,0.8823638891164531
11,0.15884418689652902
8693,0.026132973804721793
9916,0.4029675798531308
6751,0.23569277007356448
7430,0.4167245503045208
11141,0.2992988416182134
1161,0.7638598543847186
2946,0.32493985254659596
11756,0.0076725511486368525
12945,0.5747008251110248
12435,0.42592955232106733
4310,0.09588296991782952
7085,0.03309038147533738
11881,0.7805917853466987
7101,0.2780748834505954
3375,0.27264206012546177
1292,0.929114026904431
9279,0.8233281413718654
7409,0.7116254806073454
3162,0.9297522457351508
10015,0.4402614176052124
8498,0.3073029552480353
5971,0.9550764316047693
3726,0.820628828472419
4028,0.24105733924536987
12616,0.14715725956674564
9662,0.30517565261465185
12112,0.44430564668453143
4453,0.8572280756272387
12361,0.17867283628984187
194,0.20097556472674505
11319,0.6838096295900988
2130,0.15167623618087833
8265,0.5226833137283233
12837,0.9905736392297271
14572,0.08480162548519254
10528,0.4974077543531017
5379,0.08398637897655559
6635,0.9431278351271101
10823,0.05231241209925919
10083,0.03035399090663582
1953,0.9590571399148218
4679,0.6202800297945696
8246,0.8676974968646048
5418,0.6146848184889011
14664,0.707999231863959
6129,0.7913587044917215
13170,0.89936197841409
14388,0.6367789729112261
4278,0.6360945325885866
11631,0.7766346171257804
11398,0.8425191211777754
9746,0.910210946281483
1048,0.1856504027337832
2847,0.9598279262120105
6062,0.7512522918107291
13648,0.15013414217710386
8417,0.14114219273029882
10922,0.5028927522754708
1028,0.10987732620887036
13595,0.017438812349316657
8542,0.6619843481984088
1485,0.28322204173182997
12806,0.04131767176355372
574,0.11725626600274541
3778,0.8964311071725427
7049,0.6730067054159915
10260,0.4639889968090387
12483,0.7627628546394857
4427,0.33499429396361735
1630,0.31528779662938144
11043,0.5387207771096215
6881,0.28279452442638076
3161,0.33221904770825583
13014,0.7966540079747134
4204,0.8810238233947494
2350,0.4639149549694207
1083,0.1793955672049744
4351,0.21053422874679484
14419,0.09095183217798442
7065,0.15418712544086244
13575,0.1262840017834469
757,0.010157423963977785
2898,0.9214981023837685
71,0.3062290552573621
5180,0.7280063514362616
10771,0.4631095768273805
11831,0.47908419933912505
9345,0.6494698982564869
4925,0.2588269345193017
13311,0.6635495224452378
409,0.011963225027275537
5098,0.8337056225774852
8488,0.5121520017334938
6166,0.7468347684914379
10824,0.8835881561097946
8683,0.08776657861645143
4017,0.26686276118028973
7317,0.6719551046625704
9414,0.48506894128567435
191,0.7976658553479917
1131,0.9126473276957634
11718,0.6380326157112832
4861,0.3621629348018838
14394,0.30904450292591135
5075,0.19827829325160296
8689,0.7241324282428668
11198,0.5550124745666326
9144,0.9682038763344463
8670,0.9378759245603094
7991,0.5540873777175173
7980,0.8877925087496921
11605,0.31491943564587965
3916,0.16979054970513996
817,0.5657564453348419
10962,0.17857846252626353
13177,0.8349510571718588
4149,0.757223916910154
1217,0.23153862526935598
9035,0.321449492816147
6482,0.6803276933351082
270,0.42948892548630047
12153,0.8003555813480921
13911,0.874394944771662
1939,0.9402879889057523
10696,0.04384653006920303
12709,0.3872725795506097
1475,0.38381321056128614
8123,0.24194563826522797
9303,0.08961201100011906
21,0.8098910017309622
7316,0.8432673477117562
6346,0.25783560858638943
13113,0.0806979451287021
2704,0.8145808267491299
14433,0.040260845749105045
14005,0.6488247203910644
11400,0.7648925615383707
2209,0.5325067505987658
9396,0.7997738578214632
3330,0.5012825195134684
10364,0.2547367206754996
1416,0.39173597454105225
7765,0.8802739650345676
6923,0.5759573718436511
12530,0.1419225078677826
1008,0.40612712169442566
9837,0.14691455379490392
4283,0.21377442581230544
4546,0.37680033917324285
6485,0.9422474262039319
4566,0.25103024935514306
1743,0.05073415067130749
11214,0.7736038221908699
5001,0.15404605040124741
3025,0.16985921082765787
3189,0.5521331198993567
8143,0.8752885923332099
5659,0.541068978398479
14920,0.29991761844171005
3367,0.866801538600614
12173,0.8087167750472922
12334,0.7579045268299914
8281,0.3799165540791283
9978,0.8448498693627868
90,0.02124036071412272
5488,0.7544307009773038
6853,0.2884576328905234
6841,0.2801904358171714
14086,0.7260005670400943
12991,0.08636390299121688
2193,0.2717322034477593
1016,0.6051899966746161
6696,0.2696598237524116
6906,0.3502226463677496
3269,0.942002513518402
13287,0.12430470120162351
7331,0.4660980908529926
12680,0.29434498662558317
14372,0.405911580812537
3820,0.24564396272954436
2466,0.7181844479081478
12729,0.5781926635174127
10692,0.1491328366854291
12102,0.0005753415112375038
2308,0.9833959140217642
10843,0.09585246189870589
6246,0.2527839434610636
11924,0.03942377201882119
14082,0.7667810356318643
9073,0.2955700688589724
14500,0.1218566022961367
7915,0.690649025675307
11953,0.2926100582590132
5830,0.15989396051522564
3567,0.17272097984673196
7160,0.06608585515573784
6186,0.47711079136667534
13115,0.45193826707117846
1553,0.3200069297128668
3798,0.255915563669059
11500,0.4516877343966722
13362,0.37984859500865054
7444,0.7756034943431417
12042,0.5851216562591297
8167,0.6950840692465379
14477,0.010268280615799985
1212,0.8470121691783636
7963,0.7727063846390755
10665,0.12726483636453123
1789,0.8763194453965149
8961,0.29748600295084704
10586,0.7389564611040811
4085,0.28079378487167694
7281,0.7515700822544904
6773,0.39689397741752985
5050,0.041649184865661715
2458,0.27781523560980115
8781,0.9218630054738791
4192,0.8383070897901739
494,0.9641936165553334
10133,0.47840112558074355
9002,0.127762501836446
2731,0.013650841191150676
7453,0.9524344303113428
2463,0.018136662141429394
2328,0.955347808993852
2979,0.9471141861260547
3136,0.759142325068224
710,0.9835715848669944
7431,0.2700009326001289
3171,0.9317749200450649
1776,0.240077526240151
5396,0.6042364899236952
6082,0.7300954395911777
8704,0.6421407101685555
7522,0.6573127214778659
13284,0.6538676228294281
3783,0.89004267880926
5623,0.010403400048667799
891,0.6127398697607991
7736,0.18767666900037372
14997,0.8177843632998821
8801,0.73426122665424
9068,0.6049940774985693
7587,0.5648045653756912
8492,0.6814137173871396
13241,0.9918600299881423
1231,0.5416680827597921
605,0.7163663083068991
268,0.20681979122253424
890,0.715715546329702
13302,0.3253475005880424
5657,0.8984690509220448
5991,0.2925007003392266
14959,0.3489876819017408
14340,0.4969060964814066
6184,0.3332655914616839
799,0.24105970992817594
10315,0.7605574863034387
14360,0.3938776758427531
8484,0.20773652828860723
3747,0.8749753856785948
6115,0.7687048615905419
10475,0.3667385332942986
11125,0.2384227886015532
5403,0.45002442209993354
10615,0.8056655579041955
13035,0.01151546262544123
11567,0.5195820270039131
1456,0.807783024039446
7397,0.6919166912524719
11642,0.96387892292941
1187,0.5787334309996187
14408,0.9999633120069843
7554,0.9862365312880556
3632,0.7106203728339643
8783,0.5295979752887531
4708,0.2202839698046538
14080,0.47725042197572387
1504,0.5293800951830757
8349,0.5711801039288209
3643,0.7990834376582788
1001,0.28994629537165173
12517,0.7670287657603778
7468,0.5523087089639461
13513,0.8448601161583185
11882,0.6848671219041996
12581,0.7001116408087033
14445,0.6133450014742298
7772,0.5343845417190018
1594,0.8260536904583416
8464,0.7301740157596119
11507,0.8788017464523462
12658,0.33657464478221777
14282,0.32069251239979724
4887,0.8537193241145425
11243,0.4572322771016374
4119,0.547528380928684
14772,0.34007907559325246
12985,0.6703558823427961
5412,0.866504334056502
8910,0.5102332893178065
11467,0.10679188887815849
8482,0.39123441068060794
4336,0.6116470246550356
10437,0.1586802172035584
443,0.010913770382727006
6631,0.15395367140381344
10954,0.688012148865447
9898,0.9134175025468363
11685,0.5226897969545848
3095,0.9470165094632054
11447,0.2354981801130851
11483,0.16704039380162905
5854,0.4831670850669004
136,0.1722167617445507
10359,0.9772914110892412
12955,0.42482753163796694
9011,0.22143683367727351
12622,0.056036273170040674
3537,0.952476511431281
7631,0.06877080221497578
777,0.6065377333074791
9922,0.7377644011935375
13404,0.23203869127493826
9001,0.8434927135704825
2158,0.4835478778444078
14848,0.8390263854565566
11278,0.9134492714742499
9804,0.8775488420862498
4423,0.439147262563478
4807,0.6707579317929303
7458,0.29893414596727985
2726,0.28494139129637786
8052,0.040378631452753666
3497,0.9087154220515651
14149,0.44977228529725466
12970,0.6126791427610506
11409,0.5432594947623383
572,0.36547584336808414
7056,0.7421342891691949
10074,0.34081012690370405
7758,0.971088638308462
6603,0.3394169883976902
11525,0.2887362105198362
4182,0.4144009921802977
7971,0.31531276726985735
13914,0.6010767182100846
6919,0.2282493598759625
8210,0.5743218987304813
3430,0.1946033597520983
9381,0.8388772842780724
11844,0.8487854677651241
5747,0.7129984998097624
11891,0.6755172427258053
4094,0.4757263224281033
8152,0.6692965308879232
6197,0.4009443066999955
9359,0.06998785418500242
5681,0.8934433252117684
4396,0.3537531036329745
4410,0.3445689255974328
11360,0.8763509017277039
2982,0.6077964739317966
4915,0.5070471899538388
10928,0.24745814211389483
6682,0.7030558945147354
6542,0.1218303362160561
10217,0.3633296340931409
10443,0.4448690372379651
9218,0.3785960119005374
4354,0.7940211509972229
4906,0.34904116496259496
8194,0.5719144549962643
10730,0.9555045669791414
5872,0.04402044932375471
3470,0.5441833093208199
795,0.1040527277587322
12666,0.3486215123087133
13562,0.9334558219639981
11438,0.31810712291345744
14186,0.6506045383711602
9154,0.9038750590221591
7454,0.06988433899187063
9160,0.762632359805916
13005,0.23095736335181494
791,0.7812270148121911
383,0.8240749705343143
13104,0.8741267429633617
9373,0.03395463296654566
5268,0.19966000891845959
12403,0.25192763621220715
10845,0.9387447960784631
9277,0.8432609203883545
3429,0.07043513596978646
3895,0.4451926880979217
6276,0.30597815500905756
14713,0.8354373598729032
1404,0.16676573109266024
5945,0.37974985328888733
13598,0.8950517986712522
7362,0.553153472465481
4077,0.45907591693257455
14420,0.9522238040420289
8456,0.128658366051981
3159,0.5415001347398485
4060,0.5788908976881679
11058,0.8315524960327008
7169,0.6571851620874334
3039,0.47318530084932975
4860,0.2812082868920541
14101,0.23401978520477962
5980,0.49453568942521253
4174,0.29030396491766364
12725,0.35480767610134323
6638,0.8305394998081747
9844,0.41652420459007544
9368,0.012271706261207993
12010,0.27212628566432817
10503,0.28137916778582706
1186,0.2019667600628714
738,0.6533423308654437
7722,0.10449607718718257
915,0.1293625788000109
14446,0.6238042599315037
9036,0.4535657091278311
10859,0.3750100474313981
11155,0.6477776576142767
11028,0.26934795616111795
6959,0.5444607260287728
13787,0.9928759246825881
10155,0.26938071203505876
310,0.2855234378194088
3580,0.7619949340493146
14945,0.6478649376103565
6527,0.0657896224934319
14901,0.13724348160287847
12432,0.5080618008155059
13325,0.7847925797348851
3578,0.18988177002721418
1310,0.01400916360098936
10787,0.5401960627961602
9608,0.565943238348905
7094,0.92412444189291
6354,0.8208854806274664
6589,0.6670853360425625
13131,0.5872726156906282
3868,0.8067332246073207
8269,0.2231924479112195
10819,0.9061197676259201
7304,0.6782063796700738
13428,0.021289014254967764
1012,0.2596216308532555
7311,0.9489996385599946
9556,0.5995294720923995
1394,0.6027427803728334
981,0.6609962889562744
12455,0.20559354413720643
6051,0.011200840205690343
8905,0.16227068204960737
5021,0.8359754888023707
5337,0.7928105192147853
1220,0.8791241386619122
1362,0.19390051064698466
9546,0.1683188664540366
4626,0.454107887746213
14701,0.9038034254963517
14059,0.49836605816214397
9911,0.24797554983253267
11854,0.07473170729972345
1778,0.16958929116032218
14731,0.36567133680455155
8560,0.7885160941658449
13127,0.12461768671065065
3593,0.7847086414445522
6154,0.510225928597951
14553,0.8942589403280512
14983,0.6778282889634932
13385,0.7366043631722105
11745,0.8016258682637074
13766,0.6447083409092861
3749,0.35053571771139014
6092,0.7406042392133775
1994,0.25685160932043116
13080,0.15677778794597075
287,0.3628724827351285
5957,0.8268014282897022
5400,0.7271550364849457
5955,0.4437963049156567
11964,0.2123256006496842
3092,0.6337523508040811
7139,0.2774163909473162
14978,0.2131019976139893
14771,0.6968925170738813
10951,0.021093359154501057
7816,0.7441218706907362
1273,0.8444919053662994
10325,0.5160164561346099
4250,0.12608956926005277
6504,0.9717759401810698
1325,0.005282941561820187
11922,0.13818178226799038
1764,0.712946889120546
6021,0.6380649765156045
3080,0.6412456919218281
3624,0.6405890008685289
6369,0.7467170797341007
4613,0.8811201972904261
13095,0.9475174779263833
11961,0.6273952496290995
13557,0.7660054481103625
6597,0.05626153058596206
2768,0.37404764476118
104,0.455762625125414
223,0.559217494187873
8268,0.06475925965389084
6188,0.7527139235184175
3273,0.33700228494060724
3995,0.8475936343466027
1262,0.4691132387022876
5791,0.9955131862263156
2843,0.3672144472318245
7450,0.5082967126059221
3145,0.3541990335299404
5356,0.8039412640603733
6986,0.5716768190859006
693,0.6370532955921713
13136,0.21977273101961736
6758,0.4798657002794994
10114,0.5143763425894409
4096,0.8125228220044228
9405,0.6443239619533491
12053,0.2523645293787724
12400,0.19209203406432074
7267,0.7097996355077811
3837,0.09636528355627405
13426,0.16115854256593765
14418,0.17343321836618608
14708,0.15215855117756405
10497,0.37548330845686595
456,0.5911514496915942
9332,0.3418079631996509
10943,0.7782453836265703
5028,0.7914870036192259
1907,0.8031791340101749
8179,0.20035375726725402
4321,0.6840496861390774
12306,0.12713448001611594
9612,0.18476721071572266
4771,0.14281023765915357
10538,0.5615703041556884
13955,0.2881307663440986
3340,0.5103928616036982
11932,0.9612803236437685
13780,0.7070677347285226
10390,0.2085677707278979
5992,0.695382665633339
14952,0.06926565905517612
12671,0.6173180795672835
7251,0.9989406332427677
3374,0.32729400208285697
8791,0.04238287475973135
6892,0.2536608860472426
6794,0.7401384192390765
2286,0.101023971151468
6705,0.581205731795808
14594,0.5094714156637653
6167,0.4846527627760374
11143,0.8151955022881442
10276,0.2961496604390671
9438,0.0679480462553329
2045,0.4210124307392673
3081,0.6156367652387507
1204,0.37952101181550446
11990,0.3312396028655741
10369,0.23631826347028118
1459,0.18917385753639282
11998,0.5412910172700314
181,0.07575805792118928
13794,0.09704994722804339
3435,0.3128938232739741
5656,0.44962374098524427
9104,0.016864557182040274
13481,0.9198171913227644
3112,0.6759609556959107
7746,0.3553662372443026
2428,0.43497163312217946
3087,0.2871294804737432
10553,0.2826447689929136
7452,0.8021303944492577
829,0.4952077735137035
8995,0.7737787810959809
3553,0.43510707926313974
1461,0.2776509264352792
8562,0.42277772377298417
4497,0.5540615757136506
3654,0.4821486990524011
9789,0.9081130086514047
13254,0.5944978216832086
5537,0.6291513945927194
14733,0.8402945576231883
3239,0.24013090638047974
9522,0.8801747657186954
10868,0.30855093952814416
10354,0.49132907010427407
11647,0.8088316533684491
9148,0.21867442948548033
8309,0.5197244382516769
4750,0.9957189188641556
5563,0.5568013047259672
13646,0.9902793482758367
5995,0.4835503361074073
10894,0.19450125897308157
5699,0.6891572838440431
1340,0.18272289325757662
14841,0.0015339997843761832
6152,0.9025538791932487
10620,0.12011775551298787
12857,0.3217225048627398
7264,0.7665864665625398
8687,0.37308907774136046
732,0.12721973403425768
5186,0.5021221839885898
1748,0.5250740530881112
10024,0.4828779097616994
5684,0.8271233959376223
6434,0.0007113005633294645
8684,0.41731413382417404
8497,0.8460956410415618
3514,0.299612466918614
3638,0.6525590959396995
1088,0.8656175237502995
7214,0.9316696603356447
2232,0.365274875199025
14819,0.8204453841249862
7672,0.6387620631050434
5975,0.37968587665538567
5779,0.6369789693311192
8741,0.8622742654672494
135,0.315052433745285
2813,0.14249847310083996
875,0.5106285215040924
5775,0.8455212058632448
7482,0.9412492597508079
6890,0.33767809266851134
4287,0.855870553826854
3286,0.2568671940508578
3402,0.30793838107325433
9753,0.8441215463802363
4818,0.05310448631899978
3202,0.3610480529416621
13420,0.03912951700946021
13477,0.9789285736474093
7492,0.8158312630096641
7956,0.7629208759414908
13981,0.0681917872643808
9372,0.689068161114293
13968,0.3467147386859596
3443,0.6504910487373031
9533,0.5585631013559155
598,0.32824494301775875
11670,0.3411489279356772
8613,0.39155208500274075
9575,0.9056581272509074
8221,0.18621556399302275
14228,0.6346610146597608
1269,0.49467693239394894
4707,0.2614221839990052
7880,0.6177905594312879
14586,0.7634506916322948
2941,0.2619701347862118
11445,0.8453421899768725
12209,0.8807395562928443
2155,0.3793572787652715
13101,0.2416880576321564
14287,0.3852962125810123
8090,0.4004305752055559
7882,0.06845116827528452
14972,0.8119736329107476
11663,0.8690428589066932
9947,0.20354315811371615
9092,0.3499836298504969
2168,0.6347307188598559
14496,0.22082256017529367
13891,0.7608366683469875
14971,0.07410011082832013
9621,0.6264613836888068
3872,0.5168512330000288
11765,0.5616018868112839
3804,0.6694394465356739
5127,0.5409508119721969
10070,0.04430656120461529
7460,0.7855450429498299
12444,0.020395636829127706
4514,0.4453342228267214
12395,0.9503777466280103
6816,0.47206337642118745
6570,0.8940805776079808
2960,0.18829242527798762
12354,0.47711858473393687
7239,0.8073842275778409
13422,0.020862574144728585
12179,0.6432734683301448
1716,0.7495480321018579
13652,0.7000014390466932
6028,0.37066885188320264
14429,0.6058202957517206
931,0.5052398827069348
4198,0.7741898355740782
6722,0.41950414065590025
12747,0.8716019794871759
3160,0.1971248453605815
10081,0.04183799555240919
10846,0.4950584555779536
4404,0.3013080867468031
4385,0.17302622396134615
1546,0.17670083098514933
3636,0.8190100370405545
14960,0.20074319755688286
14783,0.24118822753350044
1910,0.460448846198801
10898,0.8107404104436812
13897,0.6911530763071565
9163,0.15518789682452994
5870,0.7482947333283586
14513,0.5990024174793805
1859,0.11774626806050603
11187,0.8760579970944072
9732,0.7090283069570636
3370,0.3095371538977204
14728,0.25056470757639326
2682,0.22276890960530693
6969,0.9737172107977913
366,0.41498126520416023
13271,0.15603026462688363
3588,0.7816253764752565
2539,0.6193679329781974
13735,0.884821326715538
7191,0.38963197662869975
536,0.6188644363946966
3405,0.6129216244263186
2597,0.03132938294639298
3169,0.3760250518925973
14217,0.1471727306127506
4254,0.45024296568641475
165,0.8771044308612013
6495,0.1871372735467416
4865,0.83216999318677
9294,0.6596394127138999
4971,0.5211424641725143
6060,0.10571737898211497
11173,0.5063195890809165
12237,0.7979033214491741
10698,0.4680558069337284
4215,0.5470398837624075
1711,0.1509638238920229
430,0.7633815560995302
9172,0.5447206785841683
7182,0.6979521918856796
14897,0.0750202748574943
13164,0.5588576804036237
3512,0.7772111264573139
3949,0.10944712303861814
2417,0.092661380615925
2095,0.4285847130763707
8830,0.23171867513920164
4142,0.15511058839550795
12614,0.413571315823009
2248,0.13752434710536554
2492,0.38624174773670217
3194,0.8796471807568468
6687,0.9018067065310702
9485,0.5034153086617883
10806,0.9421238675825547
13445,0.2565231598829073
14904,0.30332733904172915
7237,0.20689871934787718
12604,0.37339812978655984
3827,0.4079336963529431
8963,0.9194676835583702
3947,0.4698922359905021
7621,0.7380742035965667
7916,0.8031636955747566
1923,0.5142332214676825
11312,0.7035562015868144
2146,0.3084245741682041
128,0.5893987704557134
11832,0.3204692726405439
14919,0.6723555258091748
12429,0.9270830487550067
13944,0.8479213569834014
13182,0.7851830359794036
11681,0.9905174884715425
5835,0.6766957553369006
13203,0.9188760238258968
14578,0.12322654826687085
5395,0.35235479350181775
7478,0.8197464948645315
9530,0.2581200757317492
13565,0.9243792102608347
11622,0.12851015919144249
14554,0.11240603031545293
8706,0.23394967029417313
1225,0.17630063144045516
9329,0.6839193416884307
3321,0.31867227048739954
14546,0.3719506482982593
10532,0.988647710078949
844,0.39686418045336624
9998,0.3166884231180862
11451,0.7603378403195664
12405,0.3909884558706058
6528,0.22111581047489492
9241,0.4449078657161841
4006,0.8743665505719032
9305,0.936798179480539
10521,0.20113359863520597
5895,0.6605038644735208
9535,0.07609474721173182
9085,0.3724179403294794
8680,0.10089870876987361
10234,0.23421532244510102
7994,0.9385724960451528
1270,0.09457229747454465
2123,0.11927861538642193
4177,0.2275055084711266
3422,0.738920649192786
969,0.26173264201027124
7907,0.37506925275316505
1029,0.8615198912935721
13965,0.698750048703493
9176,0.2516349179703471
10589,0.20871544847997991
848,0.1561967028591631
826,0.743173946247306
4843,0.5338706065091695
7516,0.8541550463823214
11124,0.8317126721708411
6238,0.8735796156126292
5703,0.43305059833899096
14393,0.41715840698955076
13614,0.25533540306498226
14064,0.7970272400133903
3655,0.058122960692492676
10408,0.33025372206164005
6183,0.2931180567581778
1701,0.7497772678173314
13391,0.5100186871644397
579,0.2623294201931685
952,0.8072822735362659
10474,0.741608236225191
9723,0.22089246614282187
12398,0.7630141304979281
9997,0.9064491645612488
12688,0.9746210660336215
2166,0.3661814151175333
1599,0.9432711331021173
4141,0.02920400446632765
5851,0.7162001338599309
2782,0.7735187363162683
6787,0.6514988677324822
2905,0.503170410120676
11440,0.790883709891414
11428,0.9006313936915487
7876,0.6836435601615132
11133,0.5073150085158629
4231,0.7831934537294226
14683,0.28880313847219474
7665,0.83008273602264
4082,0.4687614489921269
6507,0.1307901059946055
4474,0.14219862154331664
8172,0.5991757026269655
8985,0.196064633930644
4892,0.6063857869779937
6180,0.4239995784795111
11947,0.5216636432952628
4342,0.6493240607446076
10926,0.23477877800355806
3706,0.09098218318972351
2883,0.6869523915730955
7988,0.6772116614011117
1424,0.05590912103545875
12019,0.8948305530455917
13916,0.4717185464099065
8002,0.28464511842306395
10520,0.11466175792727007
10717,0.3638116108085627
11498,0.8625849290645008
14462,0.9087752124261618
4669,0.5838637450675185
12365,0.5295623651773906
3373,0.8566864423569964
3777,0.5812762587202344
14277,0.4702677053589539
8337,0.8628028162879257
11147,0.16793891775688008
5606,0.4851809822827666
12813,0.9245920266820252
13709,0.402185591246932
14680,0.6708163582540114
6012,0.26939145348486027
10776,0.9536434827479446
14568,0.8947083104019342
13226,0.37144059364893345
4258,0.26615250315117156
2320,0.8103702986048719
4778,0.22629928220218332
9801,0.978894329067339
11381,0.13541959172809093
5466,0.04093816983176013
2538,0.1605725526315832
1723,0.2727720792903571
10949,0.6542068939969969
9087,0.6195026685286555
977,0.88183928808087
709,0.9150547074143419
10167,0.3650028321740987
2962,0.3830396860105346
6785,0.08735400645415159
1003,0.9834785425180856
886,0.5166106693819776
2637,0.675970109591559
6095,0.9803476769335829
11851,0.08275058894597109
13744,0.5722579564158454
1051,0.8877404025106541
5658,0.2426594022930093
6588,0.1520830507855525
3097,0.8455811292766123
2801,0.8119638100669088
6821,0.3198442676407506
8749,0.3884055109129525
13304,0.12206825318035719
10328,0.5000891752656071
10473,0.6548881425886227
607,0.9015271529982869
8495,0.2377101306716447
6496,0.03208573996753128
462,0.6103691810674656
8000,0.26393111426416493
1683,0.549082430954379
10208,0.8082850792143899
12629,0.07645782280937208
11723,0.023164768661075086
13615,0.9719393709066837
8971,0.3144127940288415
12339,0.2657623959288862
14947,0.31069996053401316
11057,0.26886303978575954
1305,0.74758280257247
12338,0.40647079722242374
4338,0.9388644774988121
1987,0.6195148013070352
7253,0.6957353433767306
2653,0.8592086437793933
7273,0.7804154621283839
2892,0.5694411183035961
277,0.9168304270686857
7589,0.7492955120059226
6066,0.5714679216327551
14802,0.6733840831566095
4259,0.2465718410622978
14135,0.24349572597266
6294,0.3834915741148205
5996,0.6634456163135721
6158,0.9383991841135133
4159,0.5076501797890262
8189,0.31050309693230016
11152,0.8873233702845607
11466,0.27652147202738464
9351,0.5051423524917734
11065,0.3176115459980735
13930,0.0040633445492994635
3394,0.2541093498017637
6585,0.3656711437078033
12715,0.9007538488143134
530,0.3764183398031691
6516,0.7134655439935863
760,0.2464083169765411
13118,0.5477256759858737
11149,0.07936900868688113
11951,0.4402578078588917
11111,0.2579797509364161
8659,0.49983997264015123
14502,0.8147671090976363
3978,0.6598403806213461
9089,0.7220597702466948
7506,0.7888794583640147
10982,0.8117767452637736
5206,0.7005389639951807
9841,0.6580052716666657
8972,0.9259829192602649
4781,0.012427262573604492
12428,0.4434269974044559
4691,0.10565857729734263
4557,0.285550019241982
6141,0.5303673492005729
10658,0.902343450208971
7713,0.3741770296550506
11138,0.2541038834358623
7715,0.042241212475756296
14956,0.7754073294097997
12782,0.54212059858006
525,0.30187014024518666
4207,0.08113932317662031
12929,0.4142835951530941
2052,0.4196509399931304
12668,0.8447438378904316
9255,0.5015058461790544
14954,0.950773738097001
252,0.7738185323419562
10465,0.7540524222701026
10815,0.7078245046200908
8234,0.406571961828744
11503,0.5420154687977862
6153,0.027576519555705503
11849,0.8735170716335564
6899,0.6569915384002607
12419,0.1901631317902498
8136,0.26379851847460223
14074,0.5338089305889666
14015,0.432019719163659
14037,0.3463546399716039
8845,0.5033593940049961
11191,0.03747698036198932
667,0.18757400592745377
12016,0.5406436215416875
10600,0.8890526457748501
10780,0.9599392813483508
4311,0.1487992924577216
4431,0.9136821885744929
1398,0.25490548707977256
7235,0.20223524301995
12990,0.6636148044741517
8623,0.6442591993076974
3187,0.4990413005864405
9005,0.8887746631811767
1151,0.14146496099588257
9382,0.8259692910980597
6275,0.46492968516953426
3344,0.6043117755249642
6759,0.05456738106880499
13805,0.1511216189675686
12732,0.14299229745705766
4501,0.8106513827238726
9056,0.9687628748995366
6156,0.8394351444572248
14432,0.2640671557627079
7057,0.6675414641410213
9634,0.21657633004892318
14224,0.5087242212640289
7062,0.6004847591289292
8707,0.27695137152615434
10648,0.9891596834896395
14805,0.5812676779377309
1468,0.37308318530749096
1339,0.8009645191603326
4183,0.7405576706647362
11277,0.28869605970199363
8712,0.017903227435663527
226,0.48700442618195905
7300,0.40154044459635796
11027,0.9283212463500021
4429,0.21191622633827933
5153,0.9331111033383493
7887,0.024352289182978715
1481,0.048433243245254554
3479,0.07140607027490153
8500,0.9731514841589539
9759,0.9661373975196591
489,0.8668234779360842
5540,0.8779860438588549
4655,0.45642716856587395
5114,0.38611168100365845
4314,0.6218952620731455
12625,0.28200261090936374
11777,0.28991092851959854
10766,0.9889646599144797
8332,0.33611360114072575
7832,0.6295540547602638
8041,0.02977949087423104
12380,0.0754454217145537
2897,0.8019438024280724
13001,0.8620102688794238
5837,0.7889395527296046
3519,0.5926744291645413
3585,0.290655427976243
9570,0.7295700492030636
3047,0.8537395363264709
6438,0.0735109885861529
6693,0.27689258920162874
4153,0.8923417147573137
11588,0.7226830114038799
3227,0.3831168418153579
14761,0.9421200520721618
783,0.21416794185055266
3347,0.5033557992073034
1473,0.05265275210368536
1710,0.5956388839723544
7415,0.7505749950581672
9008,0.8546426702702141
5635,0.4526055692085603
4590,0.15478063235318607
9078,0.9703322079498747
8027,0.48050585674568114
7829,0.9659484673819496
7479,0.2378085023838682
1805,0.6975007691604372
4361,0.0976311451564601
11592,0.2626964368897893
9262,0.6506124749267789
1601,0.6516664354015553
5492,0.30633561943589316
498,0.926828035652157
452,0.7975110012718906
5608,0.695005099311483
2984,0.7954682886238363
7257,0.47740519377305535
11773,0.05825527994414881
14218,0.830637132245099
7230,0.7685601104999537
1462,0.08839906935137698
1860,0.6804948179428719
1884,0.5168663847047297
5890,0.5032645139397245
11940,0.8286716674032423
4666,0.5319425042510829
8391,0.8056425541635944
11952,0.1837487955706617
6571,0.3405836780485997
14613,0.011998547612731003
10706,0.824161702731409
12178,0.4546116280960377
9827,0.8028962973156644
12138,0.8459951675154754
13411,0.9346656957404721
1938,0.8273428954394245
14603,0.8756509662946308
12600,0.2828151454318889
6016,0.5494453693770516
2201,0.967374244167928
4792,0.03483894209323701
284,0.022125423725676163
14024,0.8635793397982493
12574,0.25602052165207656
14088,0.4307161385560869
12861,0.49828884900604586
6643,0.44580738382130747
13443,0.4265778529358506
10113,0.20405160471530326
3634,0.5586060574317682
8540,0.14824331160228876
7205,0.8936830598869354
12063,0.028236274795114924
14120,0.5656279435160408
12479,0.27518201672548315
9386,0.7587282572234668
11070,0.9139048522609734
14175,0.5911647572195864
10642,0.23010050760068146
10187,0.19962462338414688
6819,0.5170341262665681
12108,0.009299343946504224
2103,0.45820878396476994
9658,0.545260759531725
1591,0.253847434545465
1194,0.7103130245195766
2224,0.6443312045679737
11073,0.24357663246989347
9832,0.17673140101747709
4037,0.2699358996682485
11893,0.8188147922424197
13798,0.9677299886890255
3625,0.37849269839813415
5491,0.10128822251206648
4659,0.022550754562024267
8347,0.27405761861983957
1873,0.2529797202132388
5455,0.9301611463075532
3873,0.8907357463978512
4680,0.558296512886443
13812,0.6783709938445835
8364,0.0884861808828058
5253,0.8484350008415349
3918,0.36599317240131224
13949,0.39149526309307947
102,0.032045764835738844
9436,0.07855574945335142
2360,0.949422550590287
5784,0.7126859770634123
5130,0.24406286973938707
10875,0.978821816216944
8277,0.7029901532634181
11764,0.04432293028191436
837,0.3621167167269256
4444,0.2635799856576194
7914,0.890798646406922
5773,0.27593102031671035
2788,0.6793506287330823
13635,0.15238602330329187
677,0.35347983967821217
8545,0.48616195141047935
7919,0.17970445548825942
10029,0.9305675653577078
12283,0.07484620784053175
8219,0.49630801389281576
7902,0.5847410957963518
3380,0.434804503044364
11093,0.2997955076954173
12546,0.4173488842942984
778,0.864131540563787
11175,0.6705560140260611
12937,0.018296058337894383
5625,0.683070485662904
6363,0.7014666308249828
13721,0.8632513180683
6059,0.6920909776394599
12152,0.8902965415445928
7584,0.14559659951698056
14503,0.16313363706363493
13331,0.7893910390212076
4227,0.8989724042013653
3281,0.9705520198234872
9752,0.3002980472465393
7088,0.05648486617485471
11558,0.7883135482507256
14837,0.22725082117550688
1874,0.8921738442290033
3442,0.8368994146745881
6802,0.8973826175940406
629,0.27401463166576545
9559,0.16348845572942827
3968,0.08644668061733884
7443,0.04422476400141273
13772,0.6062131398750197
10302,0.2747993349465583
5797,0.88898870618561
12249,0.5209787034992113
684,0.6268149743137729
1986,0.8308436262391419
2077,0.13966061822460496
12819,0.642480565102738
14350,0.8434418640568444
11811,0.08880909133011916
2186,0.6121765286253109
11204,0.6780071284626743
14424,0.9776935518937909
5245,0.6281766186178632
11583,0.7740414389668708
9516,0.4980156432816144
12870,0.7292337683950744
12286,0.2821237333691319
10996,0.21280301173291316
12796,0.9967165403576207
14879,0.8060548494693887
3110,0.7407325002910224
12409,0.8764176730904275
1213,0.11180671416583643
2220,0.7236951460939673
12004,0.9480633638803734
1735,0.6269073353138376
8101,0.5532216228573468
6148,0.7488465125521858
2339,0.09595744341331103
9472,0.39252546484639983
13188,0.49350353754906695
14873,0.9566231235892764
6126,0.2174608932663824
8411,0.39179604342064267
11238,0.7283222154706472
14081,0.4462852310891272
11383,0.35619258789229713
3928,0.9293349119191513
7390,0.13351871655777636
4864,0.598885476428359
3485,0.4545713256644087
2120,0.8383726172474097
5878,0.3402501986237919
1676,0.21881197063525082
1073,0.6732543619049721
3070,0.24282999655287418
6400,0.9049770061076996
5833,0.707823240730522
14822,0.8048094293901829
5154,0.14291311601425105
14596,0.28758482410645225
3352,0.12059238192514543
11878,0.478416980181254
13634,0.196546022685544
11203,0.8639070852369819
8088,0.3530097761834724
5876,0.026304109387305763
8039,0.10455671581996806
10159,0.38221457681256144
7642,0.26298472398306016
11542,0.012293813405429899
10492,0.6325011229901614
11549,0.5825425361789717
14189,0.2571521473253465
6445,0.49925830618220557
2661,0.5353081877792724
11487,0.40669295445038645
7123,0.32992938327207866
320,0.0478192727431368
9151,0.40436986460257207
13877,0.11926482137401428
12494,0.9386097566300018
2202,0.9456217622882165
8588,0.11653696105719569
2734,0.6459919642868455
7712,0.7467224987912768
12528,0.7601887770725564
1356,0.9409020397870149
8609,0.58788494589404
13258,0.026840128903815152
5769,0.6399892872039111
7396,0.2578323037387241
7038,0.9057116215310336
12276,0.9143615160957149
821,0.6479996909485293
3589,0.9143546297334836
375,0.00727391891556417
9886,0.34534228407524037
4262,0.5302678744684319
9511,0.9250435842989682
3028,0.9001672816434496
1587,0.8280631236964191
10281,0.7801171882069329
8292,0.09865858892961032
7975,0.019515006422006098
9594,0.21522557089015582
731,0.3399663245164176
6548,0.3161244561512059
10613,0.7391510140521595
202,0.19435492451254133
14211,0.6473957866755099
5640,0.48570070254080133
1371,0.04542842799673219
5698,0.9974404480747511
7377,0.9976931367327497
5496,0.16247283250735212
14104,0.7381716974276661
1471,0.18262276636294617
14107,0.5876643130994663
1814,0.31775560801017866
874,0.622419589901427
9901,0.666167727784768
4125,0.8728383257469625
10804,0.4551458139108122
6716,0.9775718457582431
4825,0.9119712453517438
6209,0.14827592029453873
5046,0.979885696999449
9311,0.46958976712001355
14007,0.7956533054835443
1148,0.5006947070693657
3733,0.13593347148030466
12240,0.018507625959882645
8600,0.6802541519688601
13459,0.07352631661902764
10377,0.2794840256193387
5954,0.7720923483032531
1170,0.8526541594771508
3128,0.4070476327619137
5804,0.2000774506433901
3848,0.17269261219080267
8126,0.8749990953975698
8940,0.8310125272540728
589,0.6490031298159644
9471,0.007951686118167434
14060,0.6292999544839936
5089,0.33548957862769824
8379,0.6965916758224837
14181,0.27862946264583477
4219,0.3647256620129885
4696,0.09170672935747792
2522,0.15629696495266887
13551,0.16404104086279403
2764,0.4550168448766606
3472,0.04634818822742914
807,0.188149086956087
3336,0.37941674986505214
5675,0.756740235325879
10002,0.47230395469721365
2934,0.6881236152748739
14469,0.5656796939070369
5633,0.32043340987730473
1903,0.2918737016842311
14375,0.2706820111653293
6895,0.23935496082413976
907,0.5170770728307672
12750,0.8443989460760785
14681,0.7248989012256931
5241,0.11607476744025669
1982,0.39194454902741294
6863,0.12114414051468925
471,0.6125654193521763
4709,0.24038305342877875
12417,0.7573526935739964
8383,0.8676859087400591
1256,0.8309758937094734
7363,0.00658873326636733
10769,0.773215762552735
5750,0.7224099228865495
6695,0.46910560701460113
12078,0.37198678036987576
8044,0.12920601359847372
10530,0.6598432466685136
11790,0.8831344945948084
12181,0.31564797541474243
10877,0.7805373792989982
7788,0.4407645974220735
11296,0.44571083410105905
4625,0.9983480735491518
10131,0.6229076880192356
9254,0.21820594551257355
13592,0.1286003928075553
14253,0.7268238932264502
1611,0.5511778471109408
8283,0.2839085896065926
10812,0.5394824908629104
14579,0.2728418022035729
5019,0.6018990691958411
6306,0.23126457367542275
12151,0.8438076004968746
433,0.41640500370563704
3158,0.39577279123642317
3960,0.6915113829686206
2101,0.32884235117479366
6440,0.11463664741183677
8556,0.7266049942566712
4187,0.5215106699763679
1802,0.5095636451530149
6136,0.5733854991179835
5825,0.29626522550169065
2870,0.3458362226047206
428,0.25151393491095186
4479,0.05619903496743506
10724,0.6549037219923679
2185,0.23449150409851538
10056,0.5127194835845219
1774,0.2796135631724015
2160,0.30935502850639773
6312,0.05234586669139463
11839,0.02668949213250149
2252,0.07684194813231904
13321,0.5484738067658955
14417,0.6833224210460312
12058,0.5253436284049869
4456,0.24608389608901893
10811,0.011260002540305791
4785,0.7607616897488655
14349,0.3302817238527005
3531,0.9293854133875453
492,0.057631968252182975
1326,0.5609308726949972
9742,0.78738743747279
14221,0.8694972511699869
6540,0.31400855593026666
4281,0.2277911294639139
2676,0.24064932515147663
6253,0.6779182079128182
12630,0.8281514718732021
11725,0.34831402850146576
4894,0.7993917909922055
11089,0.32355671417626664
12662,0.570080259142667
3050,0.12095469015893023
12675,0.13889153513878427
4430,0.7499110879244119
2981,0.24765620908537522
12278,0.7163089086934749
12426,0.43569318487792086
9733,0.5767561962165265
11707,0.6866890936640218
7518,0.07754339306144364
1517,0.48403591129610646
6634,0.38614633115841757
8906,0.11589216928619006
11252,0.7015655736911869
2655,0.8109736749047105
10367,0.44434351507922953
8156,0.43967756380993317
9724,0.1468565073728766
3922,0.14807952323569962
14762,0.21209126659799782
4290,0.6101969238366006
9926,0.9298094061794929
14916,0.0724375778185965
2203,0.40489204290203973
6733,0.7382106715795882
3404,0.3346385995048713
3139,0.2509073307671914
2383,0.3279680625120215
11660,0.6566779752226145
3459,0.45345925258766595
1573,0.4719424376913892
10605,0.22891539761817947
6300,0.5505357335540338
6663,0.2474803275459888
7653,0.6458914062729672
8647,0.2277920827815646
5264,0.08010283849433675
14992,0.04766149166903633
12128,0.214316873149344
8861,0.1955070424587011
8331,0.361002989975313
11564,0.8173758763756467
5317,0.6692927341862794
5794,0.7566352254958251
9616,0.32907247469197765
12649,0.08450549535001062
4329,0.16254332341649969
11169,0.41648329772829595
3074,0.5900002746706289
3072,0.6287887564817491
1482,0.13549023234107993
1447,0.016150021038762286
14115,0.9567825834882145
7643,0.27758063741145245
14434,0.5256342865100282
11390,0.8961479557711935
13639,0.31974804624226205
9528,0.7617666964569499
1492,0.10351749219932993
840,0.6881669447236616
7767,0.07109534243540849
9768,0.2394315649858999
8065,0.20422769295693755
6032,0.9576389123851587
2631,0.3772103342840174
9023,0.3570009863526944
7939,0.13940893112490016
13581,0.0968823883771951
12848,0.41230381005661854
3484,0.3510794318958357
10110,0.889034504072271
7041,0.24551534531022845
7371,0.36568506772239306
8772,0.723381955080378
8016,0.8065004667919327
1902,0.30970839965577746
10306,0.06362353505805118
13856,0.7754074314675546
5947,0.4174277620851028
14163,0.3353378376353289
2119,0.2638082867756547
4328,0.10035830706224746
2476,0.5876415596025582
5161,0.6993115456392006
5766,0.8824704037844339
3598,0.48100037955786235
2296,0.2407496922622222
1760,0.39302077939316926
3032,0.234245403573354
3799,0.26700266023487773
11743,0.06980264446053086
404,0.48380139812509515
2316,0.5339200196173264
14142,0.35177059002302125
13337,0.9731159741148429
14448,0.035404091448381525
9171,0.9603744180450383
9580,0.1220640341609176
10944,0.11391118517264687
9894,0.022702281012117353
3487,0.9622956905013157
12949,0.2679561388398153
12775,0.21553231311901133
11559,0.882614020174435
1279,0.9248147321356828
14486,0.9933331815370908
8648,0.17156881533767543
470,0.05894574322189994
4782,0.6582622437374033
4702,0.3326119947857208
13280,0.7110919461033768
13048,0.526068519608408
4995,0.13374296184602075
8979,0.48029099787662466
13019,0.36433102765975445
6081,0.14421694496432613
209,0.7604711937939426
4486,0.7427183412091531
7622,0.7485279614930926
519,0.8504452438914759
9142,0.8539626458705513
10524,0.4865487382717776
1840,0.42307385178328893
12758,0.1749291860324267
12632,0.6928732518654769
13096,0.20423317026450372
12363,0.14014826643653888
7198,0.8350712638098056
3627,0.126319574290929
12578,0.8824403407962701
11711,0.6509814958518338
2042,0.15558244877255833
11687,0.6646332660868687
4510,0.4526410628024138
6291,0.2904987886574524
3433,0.6288058197444127
8485,0.3284943212158614
7391,0.6759891253916178
6390,0.03438388923957214
6823,0.36337774618704766
12548,0.5367346814706493
6686,0.8927360561692989
5459,0.01692936832145786
186,0.5359268864435611
1619,0.14633857837180608
10175,0.7144657470300416
9749,0.9674541319151253
5912,0.01693703224037768
8099,0.9194924761093516
8190,0.5197181805188232
8171,0.5127775367796332
14557,0.4022649150105986
11513,0.7194739232151883
3671,0.8743352815356277
14168,0.39827269817046074
10966,0.016478371648331325
1307,0.28075380730736876
2755,0.6662651544912267
6415,0.020757789459642795
14245,0.5890785084416457
8146,0.34975069943704784
3599,0.9328415711551213
14751,0.9878180359955697
10881,0.47702472399503715
7448,0.49822167545623175
2117,0.15057318998429947
14382,0.037775728272449904
9586,0.29738386483641877
13161,0.5862245183616978
2267,0.8524694411035615
7146,0.9318459848865452
8839,0.3217748539134032
10184,0.611564815947055
13224,0.05053252712621725
14949,0.07907710233223475
13027,0.4371032181393417
5146,0.9642776201092631
691,0.2565388115854146
13252,0.38080095776666034
10274,0.1594383195531538
9076,0.13814889248418005
7545,0.44346110186563414
6678,0.7436285570655831
4617,0.7519597331610208
4913,0.0780574802178875
1354,0.4784526390100228
2831,0.5600818802390083
4905,0.8413960532442137
14540,0.03221634390745831
6685,0.970823215080556
4400,0.3411326497167241
11656,0.8617610576758317
9216,0.7188405494465837
2662,0.5704140256126555
4380,0.3232132540935916
5284,0.030459727866730346
12037,0.5830495665129197
614,0.8428325111418702
9907,0.9321668491130015
1795,0.8406483233984251
5600,0.8820163068857798
6903,0.7618132620421333
4156,0.926049416517737
14939,0.32641043013626625
7810,0.06873174140049809
1657,0.5099224877702953
13525,0.018841536446390195
5160,0.17193238453108506
2076,0.8246791524290104
9280,0.3551106978793268
13469,0.8777280523961088
7703,0.2963381330478184
1609,0.3268534942296635
2250,0.5025401624609811
11706,0.39562732191925953
4121,0.4578213851880705
1935,0.700416096426541
5972,0.342687024224132
6843,0.8305437487042899
2993,0.20601274190634766
8554,0.028202115367447433
1387,0.0395734869586184
7616,0.49280192622452135
1602,0.13535725620705152
6479,0.7644273368007709
12599,0.6462163422449907
753,0.18242573005452778
13078,0.7625058272577784
9316,0.1607134230868844
6955,0.7678542429462972
10095,0.8683462405030166
12777,0.3478523879591121
10158,0.8161584243518826
9668,0.7187661512511611
15,0.1675384525961422
7336,0.7813673907297968
2623,0.996976293510331
2664,0.4092279977944744
10245,0.007810970683980956
13971,0.33884907479065385
7678,0.6803764131806905
4233,0.02354627007112453
13102,0.25802635350577996
8148,0.06450114367283477
3669,0.868588598283255
2429,0.2859035842052928
7433,0.44542927844129576
12557,0.9778683966873856
4676,0.35571540412363856
344,0.9958276804551702
5977,0.254732822314112
8340,0.536326376793687
13589,0.4238937376755
7523,0.49134853761755004
1808,0.28439026344032414
12248,0.4357991430009227
10404,0.7616725314295981
2432,0.9745281511271131
13626,0.4185225638552793
4758,0.620391850205699
12707,0.30001275741580735
6015,0.6067305326085666
8711,0.41067526751265737
869,0.7557027637745106
6806,0.0357323864613559
725,0.8439383699843899
3271,0.8336987544168073
9155,0.9116046660613955
341,0.63679082877099
10544,0.47736940882664003
7707,0.8204377319970642
2051,0.475650279356864
10092,0.3619467684335125
9921,0.39849515047126194
1975,0.9933330904438062
13854,0.8291573203557449
12728,0.048431467655461025
4663,0.7022492702366534
528,0.9245622328604117
272,0.9733637808183238
7774,0.9143128099774985
1825,0.2580450911649662
11050,0.5919266722245092
3423,0.3274542912788202
7360,0.9590238663602585
6568,0.4871762109430642
5369,0.9880434377551887
2341,0.8643828326090708
13219,0.08718005629945647
11380,0.023270927358505
1409,0.7494154810795006
5515,0.9903050997389424
1251,0.8340505223146584
10278,0.5500461878643784
10993,0.7563758376343892
6704,0.5573690072402306
12082,0.9869713570241714
1411,0.9532729075002528
4548,0.6412947305698347
10866,0.17218098005504756
3137,0.7620377662131292
12305,0.25893101856959033
655,0.8621476226293749
7340,0.570205517625521
4133,0.7491545761900855
12301,0.20642997660564233
12032,0.4754311357472726
9840,0.7873604082133916
14811,0.24473328565078634
4102,0.47762300576941985
1268,0.4281868496692922
14561,0.7858954046847195
6661,0.025791950396832575
13397,0.1444970100238091
4703,0.14120052927482762
1272,0.934327540664148
6796,0.17947301805901206
4346,0.9664313174699882
4684,0.5699171899390336
8267,0.009075651032570131
13024,0.48729994875318183
2687,0.48708531758796314
5417,0.9665158504989549
4949,0.9760019704578298
5639,0.5459836940654405
6648,0.5284762938760871
3887,0.5588139808897762
7335,0.5352650823683579
8186,0.630360784226373
3223,0.41867296490881856
14832,0.5899286564434542
9282,0.45008541780516487
5853,0.6892419157280082
7406,0.44516386341068637
2641,0.7008921833272289
9591,0.5776911840067501
297,0.6526624393309456
4491,0.41737450430721235
5562,0.04156717415773459
5586,0.5780538578970318
4808,0.7559771221924237
12146,0.18511474097101033
7753,0.40318223369573203
14320,0.6829485100284476
11945,0.6453072401055687
10739,0.8545153629208128
4660,0.39832358418237124
9950,0.888935006608638
14908,0.4503809881620845
11746,0.9369685135091163
12051,0.07651559957321052
13711,0.5575910306648075
13056,0.5540158398215969
6191,0.2314883903236158
482,0.4260989417333194
5753,0.3258147217562888
3481,0.9350735479162621
11031,0.7341929139401827
1216,0.10091551873185223
9614,0.4009022386006772
11351,0.05004357895970002
4415,0.936325862001882
12586,0.06956621103618266
8888,0.1302004850566192
12866,0.40961383729315315
947,0.7271326982071877
8511,0.30835384432078583
5546,0.9971176272948074
4959,0.7123182740165258
1357,0.5910922006740625
63,0.852783140227532
3847,0.6359184655653204
10801,0.7826689092218776
13023,0.8371795029220352
7200,0.10978193808956616
11902,0.2821507872310971
227,0.9481285582243782
14057,0.16238694164159584
5587,0.27952623698572987
18,0.3927168391680932
3140,0.9353316456521885
14955,0.5534472639741265
6998,0.6769928449448571
9833,0.4949249496114606
6534,0.8058733675343694
3876,0.7083409647448524
13852,0.7742382290143689
10833,0.715618605418923
9524,0.44004847338008335
8829,0.8422234148010632
5863,0.5000222714902762
8460,0.8121259070844968
8531,0.2196498427165543
7886,0.11264602529801448
4467,0.40131702579276063
959,0.8937857439070351
7278,0.4989559740435974
2575,0.5255550582322375
3163,0.7450079266643049
3511,0.6108856155596166
14132,0.46324750811502136
2068,0.2786914893956953
5646,0.19797536189753007
89,0.08418366520761245
4392,0.6435308710723648
2487,0.3875439987599194
4031,0.9299038701240109
12566,0.45862932074139284
13373,0.0530810592418921
6500,0.5032229041410108
983,0.36724336981745287
5197,0.6394553117792057
12886,0.8178457747967576
12973,0.7535955005350897
978,0.5078946037574223
9735,0.32464304907015185
7966,0.8854807888414425
10324,0.7784369206991592
12012,0.6304236918282163
10768,0.14613123766863845
14302,0.38009638787829614
925,0.17870294697878542
13041,0.13126203434415273
12203,0.21806752388478035
13892,0.015549388569780387
10592,0.9621401053679691
8275,0.31361070285335624
14990,0.47754848763170654
4838,0.10237640236163137
3957,0.4753350907391496
7933,0.08683353267122729
9348,0.7728190629539727
2806,0.12110523745843926
10508,0.9432266646176954
5732,0.3881071525810347
8754,0.8799701496858164
4079,0.7124120789838686
6174,0.00831166683309037
8063,0.38622196795845964
926,0.42540830977764554
14670,0.2191917312245455
816,0.1477692602435544
10096,0.8453016061102204
5502,0.16384507693343842
8187,0.43152997972381546
13622,0.25392722361131603
13152,0.8162495980158954
656,0.19818339096454773
896,0.42635077555036993
14694,0.8934357284768079
75,0.22561568842872148
5641,0.09733340117234035
8416,0.5064133343187561
3824,0.034738074117383055
5487,0.7704117226930586
9120,0.5305764072463596
1209,0.12798983854990975
2471,0.633748486389804
4820,0.11599470080148522
9249,0.5512631778965355
14055,0.2621553024817349
3930,0.38773269750619666
4967,0.1303528920237147
1015,0.21705423449877193
13822,0.9630862612832009
6139,0.6652311528577473
7540,0.9921511512209095
14422,0.20769925101334819
4645,0.40859986847745877
5034,0.22075221912101006
4585,0.1219844138405407
794,0.24356091542127745
7571,0.4971605082949193
14651,0.4350498684647086
7511,0.3018839232500007
906,0.33625955215539194
6799,0.7026407419018135
9736,0.6053665159370409
12265,0.5988433269726343
7883,0.07556934481387223
8429,0.061613203422663076
14279,0.3054415418363293
11612,0.4068990418948045
10612,0.1728850780468727
3101,0.604428330349989
3973,0.7966271932596378
5960,0.7031810224255642
8595,0.11565352544287055
13793,0.46197639779724997
12938,0.0833875233146254
4605,0.0990311088115633
11186,0.04042447034219565
5627,0.31415991828642476
7596,0.9880140375390432
10541,0.8554110145934933
13966,0.07793528745742773
945,0.5391679198963748
10558,0.3847112637677049
8986,0.28508553743861564
12896,0.8090359142173542
11516,0.9787967238848905
4295,0.9941954748629448
12335,0.4256956422636877
140,0.7143707996146784
851,0.9724405593994195
9182,0.7128615906325246
4398,0.5117243652002498
6408,0.012190690070543964
9003,0.5606880329490015
4224,0.8211469185976225
1816,0.09952599720795485
9847,0.39750727297076616
2861,0.6140674488308041
307,0.7423262260896003
6930,0.33231352853514706
10374,0.4634015260882305
12022,0.2950421129525619
14473,0.6320140907787831
8003,0.2610508603089058
11114,0.8844745563093082
11469,0.039351489240297854
9726,0.9602820800640255
3279,0.0923140093753475
2842,0.45994453183488637
9486,0.28939100296785625
5474,0.052400148227810917
10427,0.9207108583298246
14145,0.8228738064287351
2785,0.7730115179648981
8646,0.0877451960224761
13297,0.8527447719484976
12911,0.6618650301732133
10309,0.10744608892803276
6520,0.20587311471122005
29,0.29600335469885364
1857,0.18440475510303123
4253,0.29896728271436335
558,0.4665654843316329
2105,0.34574584386302065
9404,0.04303715041205092
2678,0.9700016864259385
7378,0.4181723040124926
12449,0.8064575519068565
10983,0.4507039527569199
8610,0.23272242624021156
6020,0.1825820562331908
7400,0.7130455338446181
5,0.5205169512595024
11091,0.9701962254944436
9258,0.8152235950178117
13522,0.29907867659863474
10413,0.7995662389867281
8669,0.297673798687767
673,0.5115948174895183
12639,0.07139889650616726
5959,0.10508834843859738
3964,0.19956743454581016
10611,0.4348984336138788
9296,0.24584859700971518
10960,0.9471881003279834
4029,0.3898541751633642
8098,0.9303619338106867
13515,0.7259965116823067
13324,0.57782413892579
809,0.6685813308771446
8237,0.6155402194073915
9912,0.6074449385974644
244,0.41286977470589514
12770,0.04375524586987989
13977,0.6528487041836516
11986,0.6462646295526702
1698,0.7024417471119927
5169,0.05613248489423028
13447,0.9668864474506339
10978,0.8238780455814447
14629,0.5444293859575939
11262,0.8302258008363943
4111,0.18557694187300233
1961,0.8828656962956759
2081,0.15908830500695825
4597,0.2653202373798822
2073,0.4538000806188176
8397,0.5672391371739863
3641,0.16870244451535932
5709,0.233532125409607
12141,0.17764012647030025
13064,0.6973131011256418
8399,0.05402049332516201
551,0.5841709376192984
11641,0.45085471967333424
9177,0.19427660101012045
7551,0.6911103642052507
460,0.1522068896716755
9111,0.1900332717030332
1260,0.11585810589836854
6698,0.4221748960256203
6038,0.16636281358675287
11308,0.21431593387437753
10867,0.029030099972848333
13632,0.44495339071721907
7224,0.627685589983903
10585,0.5781761171575696
808,0.1107964435657458
7835,0.000455074001947664
11222,0.36965054715832646
14103,0.4905161298727446
10748,0.250340501294431
5728,0.4819027685550761
1106,0.5273119204067983
2948,0.24870476191412128
10770,0.5552076381569208
11318,0.6241619150516814
3004,0.9917034523002534
3898,0.6636765166055968
10722,0.48110853779617824
6768,0.6604196721966236
3724,0.027847011310339842
9009,0.19268931452086813
144,0.8723369055952122
4579,0.21347512788223866
5683,0.4668772876309435
11160,0.7969774469517685
14199,0.643685991391218
2488,0.4250748056614796
14817,0.01779604419200087
1968,0.5219391498965806
10626,0.3075884514624597
2975,0.7894478073495231
13290,0.32883936510245726
1686,0.8855072619351487
7447,0.3635829838666633
1378,0.20721795486969607
8501,0.006636885510802881
1773,0.8947563324584035
7926,0.10219401159124708
3705,0.17225089583653852
9882,0.422723797909206
6974,0.24220808784130132
3570,0.29819837198760113
10011,0.6145657479356211
8943,0.5047819695355592
11185,0.17453603225688108
13664,0.29912145867874274
8579,0.10532027746846706
13596,0.7503860449951343
8525,0.8325308823774494
984,0.7320240548417931
2298,0.24143929134605746
5004,0.9076603083998902
11677,0.46461378612554605
770,0.9569644209595614
7666,0.9365040033772509
13387,0.06763546916869567
6162,0.5857491847504356
6439,0.9984313377001519
9496,0.6775447032473703
6297,0.27446178683593103
830,0.15146452429297252
4596,0.4174176609518727
2660,0.610466664142711
5934,0.023300686635825518
2689,0.16298581665595846
3826,0.051936522855424605
13046,0.721055241608896
14632,0.7410462878959944
1878,0.15907030721291848
5201,0.423579788721653
4749,0.3994621055349804
7199,0.6783794078720095
4067,0.3907145302981091
86,0.8633014096147156
9931,0.4482481033659207
2231,0.102101445751412
5225,0.9518085337604467
10872,0.762180477580527
9437,0.7169275691430481
985,0.7202647195454391
2746,0.027658424230165513
1449,0.19005895955714425
6443,0.6688806953501787
6492,0.30866018043082566
5956,0.6860455951651264
9268,0.6924307581610265
14428,0.2850869812874316
7438,0.2445600254596073
11673,0.911703199290721
10535,0.7373793089990823
1977,0.837623968577903
5143,0.23470264098867955
13487,0.04569319474789724
7150,0.4966936697550641
8981,0.3033308959983727
3320,0.4366703576486365
9480,0.9067903839347382
11523,0.10212745697162251
1625,0.09551054708304985
8188,0.425697766430184
5391,0.9851809981843774
6679,0.5594275625852113
12402,0.7709576225534438
12320,0.4160078840943664
9588,0.08649062699906807
9643,0.07356149948538893
9564,0.5273508043900081
4779,0.6136898531473101
1641,0.5725654802438457
11979,0.646204717312106
669,0.3239444225370939
3652,0.9888867630487159
14021,0.18849386077387154
11197,0.6417327642189752
12243,0.9360383124851246
657,0.6879130789939505
446,0.1431235168119971
4503,0.4755881054512726
5469,0.5157565608768361
14656,0.16609590298939847
8299,0.6783661852975689
4849,0.6696929161722494
490,0.5475483325261008
8944,0.6158486566981732
11018,0.4783646928670081
6367,0.6278437091154064
949,0.9488786906005622
4568,0.5193043098205526
5740,0.6159383370268736
7255,0.6360987435926685
9360,0.19117174334491804
3817,0.019091557111876822
8392,0.21182380497468956
13629,0.4794185449217784
12681,0.4311617293383385
11348,0.008093391088002888
12780,0.008593209224166953
13801,0.4963337915388667
10637,0.5649930051395827
464,0.5103442025692182
961,0.638218563172241
14323,0.7993579432490422
3605,0.3751011406441359
7324,0.5990142325220996
1384,0.9311169630179876
5616,0.9831985504718654
5397,0.752873166155971
4523,0.8186629891337122
8121,0.6024990385843653
10668,0.07759217846892064
9318,0.45924346666480853
14671,0.5570747823993724
529,0.5268502696092502
4962,0.38221216279802217
10863,0.37125068396486804
7343,0.7778601301997996
12769,0.31283821395536915
2931,0.13769351903266291
14931,0.49387232702684625
10912,0.4228515170937335
14574,0.2748919445056227
5763,0.29132220608598014
2959,0.3492172858236169
3117,0.5132447252036223
2011,0.07399325136099943
8784,0.5163385974558451
12049,0.8772957987903557
3743,0.1992854475650978
3104,0.6458989259061405
14878,0.5563421304286887
11002,0.9505402501251204
13413,0.8864584329511839
4249,0.9632763418309757
5301,0.8669740246589862
11151,0.8367003766487231
13040,0.746418935220038
12885,0.3902336082715314
2391,0.5009612039957331
13100,0.47075874843818555
1119,0.6493870313533221
10580,0.706520637103446
14289,0.7284833887898556
4030,0.8141166779083333
12390,0.07438818916786105
9824,0.040853684257851186
4065,0.4977335640437025
880,0.12419194214092688
12295,0.5513611694373259
103,0.31300787122401486
2559,0.6844545618908839
11109,0.9061750796704362
14563,0.8026433384044304
6045,0.23865410899677397
1895,0.770725988679071
8660,0.19032628269074015
3701,0.36363491009628046
4330,0.09595779215913425
1096,0.6810048907215319
14725,0.6585666005390987
14943,0.593431530157612
151,0.9427544995005034
11608,0.07144915620000136
6676,0.5301811072325809
14911,0.5345832440924244
9838,0.7757600703913047
11432,0.7538621025080577
12116,0.5544028966911336
6065,0.373326313083959
11327,0.40968890993871376
834,0.2570427155895896
12872,0.9411595478389596
238,0.9646640685100494
7294,0.1418970337678498
4458,0.1662744730699418
7992,0.4666827472401921
13865,0.8732804486165849
8291,0.0783647095369453
139,0.2870064657317487
7688,0.6272517047272845
249,0.005094414014150339
2233,0.5470718675048706
8593,0.003450405361633546
6212,0.5253879723926127
10567,0.24244997253638867
5064,0.3647259532354764
13808,0.769662992387963
11646,0.12722281144657266
3203,0.9253699303464459
2673,0.2922093874208447
13308,0.036615214485307135
6529,0.46891991935575894
10271,0.8327338018788836
613,0.7961941013900629
1815,0.9024177428360614
9681,0.852714628538962
9432,0.7367352433132782
13853,0.6702435645971534
14100,0.6397727460566971
11085,0.028192786710199313
9460,0.14874737626736323
13386,0.04583148808511961
553,0.6437364093171176
10501,0.08026806954133237
8056,0.0922824016084608
389,0.7276137051221487
6130,0.2257153187973857
8603,0.5414865133926974
6296,0.42833009651298926
13253,0.8453549514579336
10593,0.9347010026570992
3026,0.5021757683190811
7030,0.5473245041845543
8404,0.843770618285862
13956,0.9144879977004884
9932,0.2737408944428843
9331,0.7867103833094004
10570,0.22262111688081887
7942,0.6427713593793097
11361,0.5316735746138374
5335,0.9974328706114051
8992,0.8545429752705861
555,0.9754774012825723
2507,0.7260586476587749
10137,0.4603574944345824
1881,0.19427223766907153
9579,0.40111698363824755
12183,0.35651338122633025
9487,0.04159592336027251
2398,0.6780565431215045
3319,0.8340404602342816
6119,0.3845892458426732
8491,0.5529163515579874
9066,0.7189241989412843
6077,0.15523741209999964
3836,0.34535581896396206
11347,0.753822598628254
6595,0.1672182332309231
12648,0.7877844068570947
14948,0.5008152283275525
7382,0.7114614031321046
6630,0.15129648173506904
11672,0.3063805912498524
4978,0.8314820568668009
7260,0.22738892100095487
6982,0.9056957358095634
14963,0.3365890791438695
12275,0.8573417558409101
8582,0.09812572909886463
12737,0.5901349645954428
9131,0.4642378352088127
12723,0.5784541702129367
8574,0.39275689248770496
843,0.26744667368716324
1337,0.02815671841316847
5011,0.8593871355865113
6515,0.041190553656306306
14504,0.8589646624187764
9094,0.18985325041628653
11786,0.3914620905621963
2451,0.7330061271037058
2169,0.04341450230725985
12446,0.8937481636047229
8946,0.06169290987313514
12346,0.026702117106419676
13964,0.9963687876351026
143,0.40942367899658094
9610,0.8337260598990217
888,0.3808570041283461
2266,0.2900054479019797
14482,0.6369139334321563
4897,0.04094272194752435
7435,0.18344809773406057
6478,0.9966037871794035
3877,0.0703806909658734
5850,0.7524874091298717
4438,0.327133717221314
4294,0.29491735238187256
8546,0.5548434756056111
5108,0.45565329794210874
14336,0.9664702870405243
8538,0.6541154867568884
7027,0.44659041717812176
11324,0.593323624133672
2091,0.5021524549880121
3751,0.29921997690140156
1956,0.9584389987881116
11744,0.15202920389751684
6884,0.7080086280886645
11341,0.35093159873019264
3640,0.37740629523676106
4756,0.5421049857594845
9764,0.6245907391261833
12424,0.15450402717235534
9747,0.1441917660602824
7354,0.6183648757012872
11607,0.7745948796497077
12310,0.008563917432206414
8730,0.4580241708240058
2059,0.8885708231918185
1094,0.48110742798158623
10786,0.5809551308825404
4867,0.7778576904382466
3929,0.976001720525903
3440,0.4816160483236821
9354,0.6012197374617949
1750,0.551611062222926
11886,0.3494282102738572
4743,0.40238500525814835
9101,0.4741505802001408
